<?xml version="1.0" encoding="UTF-8"?>
<metadata xml:lang="en"><Esri><CreaDate>20250410</CreaDate><CreaTime>07271000</CreaTime><ArcGISFormat>1.0</ArcGISFormat><SyncOnce>FALSE</SyncOnce><DataProperties><itemProps><itemName Sync="TRUE">Points_Merge_Merge</itemName><imsContentType Sync="TRUE">002</imsContentType><itemLocation><linkage Sync="TRUE">file://\\LAPTOP-PDU597GP\C$\Users\Firman\OneDrive\Documents\ArcGIS\Default.gdb</linkage><protocol Sync="TRUE">Local Area Network</protocol></itemLocation></itemProps><coordRef><type Sync="TRUE">Geographic</type><geogcsn Sync="TRUE">GCS_WGS_1984</geogcsn><csUnits Sync="TRUE">Angular Unit: Degree (0.017453)</csUnits><peXml Sync="TRUE">&lt;GeographicCoordinateSystem xsi:type='typens:GeographicCoordinateSystem' xmlns:xsi='http://www.w3.org/2001/XMLSchema-instance' xmlns:xs='http://www.w3.org/2001/XMLSchema' xmlns:typens='http://www.esri.com/schemas/ArcGIS/10.8'&gt;&lt;WKT&gt;GEOGCS[&amp;quot;GCS_WGS_1984&amp;quot;,DATUM[&amp;quot;D_WGS_1984&amp;quot;,SPHEROID[&amp;quot;WGS_1984&amp;quot;,6378137.0,298.257223563]],PRIMEM[&amp;quot;Greenwich&amp;quot;,0.0],UNIT[&amp;quot;Degree&amp;quot;,0.0174532925199433],AUTHORITY[&amp;quot;EPSG&amp;quot;,4326]],VERTCS[&amp;quot;EGM96_Geoid&amp;quot;,VDATUM[&amp;quot;EGM96_Geoid&amp;quot;],PARAMETER[&amp;quot;Vertical_Shift&amp;quot;,0.0],PARAMETER[&amp;quot;Direction&amp;quot;,1.0],UNIT[&amp;quot;Meter&amp;quot;,1.0],AUTHORITY[&amp;quot;EPSG&amp;quot;,5773]]&lt;/WKT&gt;&lt;XOrigin&gt;-400&lt;/XOrigin&gt;&lt;YOrigin&gt;-400&lt;/YOrigin&gt;&lt;XYScale&gt;999999999.99999988&lt;/XYScale&gt;&lt;ZOrigin&gt;-100000&lt;/ZOrigin&gt;&lt;ZScale&gt;10000&lt;/ZScale&gt;&lt;MOrigin&gt;-100000&lt;/MOrigin&gt;&lt;MScale&gt;10000&lt;/MScale&gt;&lt;XYTolerance&gt;8.983152841195215e-09&lt;/XYTolerance&gt;&lt;ZTolerance&gt;0.001&lt;/ZTolerance&gt;&lt;MTolerance&gt;0.001&lt;/MTolerance&gt;&lt;HighPrecision&gt;true&lt;/HighPrecision&gt;&lt;LeftLongitude&gt;-180&lt;/LeftLongitude&gt;&lt;WKID&gt;4326&lt;/WKID&gt;&lt;LatestWKID&gt;4326&lt;/LatestWKID&gt;&lt;VCSWKID&gt;5773&lt;/VCSWKID&gt;&lt;LatestVCSWKID&gt;5773&lt;/LatestVCSWKID&gt;&lt;/GeographicCoordinateSystem&gt;</peXml></coordRef><lineage><Process ToolSource="c:\program files (x86)\arcgis\desktop10.8\ArcToolbox\Toolboxes\Data Management Tools.tbx\Merge" Date="20250309" Time="194853">Merge Tim_C-Day_2\Points2C;Tim_B-Day_23\Points23B;Tim_B-Day_22\Points22B;Tim_B-Day_21\Points21B;Tim_A-Day23\Points23A;Tim_A-Day22\Points22A;Tim_A-Day21\Points21A C:\Users\Firman\OneDrive\Documents\ArcGIS\Default.gdb\Points_Merge "Name "Name" true true false 320 Text 0 0 ,First,#,Tim_C-Day_2\Points2C,Name,-1,-1,Tim_B-Day_23\Points23B,Name,-1,-1,Tim_B-Day_22\Points22B,Name,-1,-1,Tim_B-Day_21\Points21B,Name,-1,-1,Tim_A-Day23\Points23A,Name,-1,-1,Tim_A-Day22\Points22A,Name,-1,-1,Tim_A-Day21\Points21A,Name,-1,-1;FolderPath "FolderPath" true true false 320 Text 0 0 ,First,#,Tim_C-Day_2\Points2C,FolderPath,-1,-1,Tim_B-Day_23\Points23B,FolderPath,-1,-1,Tim_B-Day_22\Points22B,FolderPath,-1,-1,Tim_B-Day_21\Points21B,FolderPath,-1,-1,Tim_A-Day23\Points23A,FolderPath,-1,-1,Tim_A-Day22\Points22A,FolderPath,-1,-1,Tim_A-Day21\Points21A,FolderPath,-1,-1;SymbolID "SymbolID" true true false 4 Long 0 0 ,First,#,Tim_C-Day_2\Points2C,SymbolID,-1,-1,Tim_B-Day_23\Points23B,SymbolID,-1,-1,Tim_B-Day_22\Points22B,SymbolID,-1,-1,Tim_B-Day_21\Points21B,SymbolID,-1,-1,Tim_A-Day23\Points23A,SymbolID,-1,-1,Tim_A-Day22\Points22A,SymbolID,-1,-1,Tim_A-Day21\Points21A,SymbolID,-1,-1;AltMode "AltMode" true true false 2 Short 0 0 ,First,#,Tim_C-Day_2\Points2C,AltMode,-1,-1,Tim_B-Day_23\Points23B,AltMode,-1,-1,Tim_B-Day_22\Points22B,AltMode,-1,-1,Tim_B-Day_21\Points21B,AltMode,-1,-1,Tim_A-Day23\Points23A,AltMode,-1,-1,Tim_A-Day22\Points22A,AltMode,-1,-1,Tim_A-Day21\Points21A,AltMode,-1,-1;Base "Base" true true false 8 Double 0 0 ,First,#,Tim_C-Day_2\Points2C,Base,-1,-1,Tim_B-Day_23\Points23B,Base,-1,-1,Tim_B-Day_22\Points22B,Base,-1,-1,Tim_B-Day_21\Points21B,Base,-1,-1,Tim_A-Day23\Points23A,Base,-1,-1,Tim_A-Day22\Points22A,Base,-1,-1,Tim_A-Day21\Points21A,Base,-1,-1;TimeSpan "TimeSpan" true true false 2 Short 0 0 ,First,#,Tim_C-Day_2\Points2C,TimeSpan,-1,-1,Tim_B-Day_23\Points23B,TimeSpan,-1,-1,Tim_B-Day_22\Points22B,TimeSpan,-1,-1,Tim_B-Day_21\Points21B,TimeSpan,-1,-1,Tim_A-Day23\Points23A,TimeSpan,-1,-1,Tim_A-Day22\Points22A,TimeSpan,-1,-1,Tim_A-Day21\Points21A,TimeSpan,-1,-1;TimeStamp "TimeStamp" true true false 2 Short 0 0 ,First,#,Tim_C-Day_2\Points2C,TimeStamp,-1,-1,Tim_B-Day_23\Points23B,TimeStamp,-1,-1,Tim_B-Day_22\Points22B,TimeStamp,-1,-1,Tim_B-Day_21\Points21B,TimeStamp,-1,-1,Tim_A-Day23\Points23A,TimeStamp,-1,-1,Tim_A-Day22\Points22A,TimeStamp,-1,-1,Tim_A-Day21\Points21A,TimeStamp,-1,-1;BeginTime "BeginTime" true true false 255 Text 0 0 ,First,#,Tim_C-Day_2\Points2C,BeginTime,-1,-1,Tim_B-Day_23\Points23B,BeginTime,-1,-1,Tim_B-Day_22\Points22B,BeginTime,-1,-1,Tim_B-Day_21\Points21B,BeginTime,-1,-1,Tim_A-Day23\Points23A,BeginTime,-1,-1,Tim_A-Day22\Points22A,BeginTime,-1,-1,Tim_A-Day21\Points21A,BeginTime,-1,-1;EndTime "EndTime" true true false 255 Text 0 0 ,First,#,Tim_C-Day_2\Points2C,EndTime,-1,-1,Tim_B-Day_23\Points23B,EndTime,-1,-1,Tim_B-Day_22\Points22B,EndTime,-1,-1,Tim_B-Day_21\Points21B,EndTime,-1,-1,Tim_A-Day23\Points23A,EndTime,-1,-1,Tim_A-Day22\Points22A,EndTime,-1,-1,Tim_A-Day21\Points21A,EndTime,-1,-1;Snippet "Snippet" true true false 268435455 Text 0 0 ,First,#,Tim_C-Day_2\Points2C,Snippet,-1,-1,Tim_B-Day_23\Points23B,Snippet,-1,-1,Tim_B-Day_22\Points22B,Snippet,-1,-1,Tim_B-Day_21\Points21B,Snippet,-1,-1,Tim_A-Day23\Points23A,Snippet,-1,-1,Tim_A-Day22\Points22A,Snippet,-1,-1,Tim_A-Day21\Points21A,Snippet,-1,-1;PopupInfo "PopupInfo" true true false 268435455 Text 0 0 ,First,#,Tim_C-Day_2\Points2C,PopupInfo,-1,-1,Tim_B-Day_23\Points23B,PopupInfo,-1,-1,Tim_B-Day_22\Points22B,PopupInfo,-1,-1,Tim_B-Day_21\Points21B,PopupInfo,-1,-1,Tim_A-Day23\Points23A,PopupInfo,-1,-1,Tim_A-Day22\Points22A,PopupInfo,-1,-1,Tim_A-Day21\Points21A,PopupInfo,-1,-1;HasLabel "HasLabel" true true false 2 Short 0 0 ,First,#,Tim_C-Day_2\Points2C,HasLabel,-1,-1,Tim_B-Day_23\Points23B,HasLabel,-1,-1,Tim_B-Day_22\Points22B,HasLabel,-1,-1,Tim_B-Day_21\Points21B,HasLabel,-1,-1,Tim_A-Day23\Points23A,HasLabel,-1,-1,Tim_A-Day22\Points22A,HasLabel,-1,-1,Tim_A-Day21\Points21A,HasLabel,-1,-1;LabelID "LabelID" true true false 4 Long 0 0 ,First,#,Tim_C-Day_2\Points2C,LabelID,-1,-1,Tim_B-Day_23\Points23B,LabelID,-1,-1,Tim_B-Day_22\Points22B,LabelID,-1,-1,Tim_B-Day_21\Points21B,LabelID,-1,-1,Tim_A-Day23\Points23A,LabelID,-1,-1,Tim_A-Day22\Points22A,LabelID,-1,-1,Tim_A-Day21\Points21A,LabelID,-1,-1"</Process><Process ToolSource="c:\program files (x86)\arcgis\desktop10.8\ArcToolbox\Toolboxes\Data Management Tools.tbx\Merge" Date="20250310" Time="062931">Merge Points_Merge;'Titik Survei' C:\Users\Firman\OneDrive\Documents\ArcGIS\Default.gdb\Points_Merge_Merge "Name "Name" true true false 320 Text 0 0 ,First,#,Points_Merge,Name,-1,-1,Titik Survei,Name,-1,-1;Kode "Kode" true true false 50 Text 0 0 ,First,#,Points_Merge,Kode,-1,-1,Titik Survei,Kode,-1,-1;TMA "TMA" true true false 2 Short 0 0 ,First,#,Points_Merge,TMA,-1,-1,Titik Survei,TMA,-1,-1;Keterangan "Keterangan" true true false 50 Text 0 0 ,First,#,Points_Merge,Keterangan,-1,-1,Titik Survei,Keterangan,-1,-1"</Process></lineage></DataProperties><SyncDate>20250310</SyncDate><SyncTime>06292800</SyncTime><ModDate>20250310</ModDate><ModTime>06292800</ModTime></Esri><dataIdInfo><envirDesc Sync="TRUE"> Version 6.2 (Build 9200) ; Esri ArcGIS 10.9.1.28388</envirDesc><dataLang><languageCode value="eng" Sync="TRUE"></languageCode><countryCode value="USA" Sync="TRUE"></countryCode></dataLang><idCitation><resTitle Sync="TRUE">Points_Merge_Merge</resTitle><presForm><PresFormCd value="005" Sync="TRUE"></PresFormCd></presForm></idCitation><spatRpType><SpatRepTypCd value="001" Sync="TRUE"></SpatRepTypCd></spatRpType></dataIdInfo><mdLang><languageCode value="eng" Sync="TRUE"></languageCode><countryCode value="USA" Sync="TRUE"></countryCode></mdLang><distInfo><distFormat><formatName Sync="TRUE">File Geodatabase Feature Class</formatName></distFormat></distInfo><mdHrLv><ScopeCd value="005" Sync="TRUE"></ScopeCd></mdHrLv><mdHrLvName Sync="TRUE">dataset</mdHrLvName><refSysInfo><RefSystem><refSysID><identCode code="4326" Sync="TRUE"></identCode><idCodeSpace Sync="TRUE">EPSG</idCodeSpace><idVersion Sync="TRUE">6.2(3.0.1)</idVersion></refSysID></RefSystem></refSysInfo><spatRepInfo><VectSpatRep><geometObjs Name="Points_Merge_Merge"><geoObjTyp><GeoObjTypCd value="004" Sync="TRUE"></GeoObjTypCd></geoObjTyp><geoObjCnt Sync="TRUE">0</geoObjCnt></geometObjs><topLvl><TopoLevCd value="001" Sync="TRUE"></TopoLevCd></topLvl></VectSpatRep></spatRepInfo><spdoinfo><ptvctinf><esriterm Name="Points_Merge_Merge"><efeatyp Sync="TRUE">Simple</efeatyp><efeageom code="1" Sync="TRUE"></efeageom><esritopo Sync="TRUE">FALSE</esritopo><efeacnt Sync="TRUE">0</efeacnt><spindex Sync="TRUE">TRUE</spindex><linrefer Sync="TRUE">FALSE</linrefer></esriterm></ptvctinf></spdoinfo><eainfo><detailed Name="Points_Merge_Merge"><enttyp><enttypl Sync="TRUE">Points_Merge_Merge</enttypl><enttypt Sync="TRUE">Feature Class</enttypt><enttypc Sync="TRUE">0</enttypc></enttyp><attr><attrlabl Sync="TRUE">OBJECTID</attrlabl><attalias Sync="TRUE">OBJECTID</attalias><attrtype Sync="TRUE">OID</attrtype><attwidth Sync="TRUE">4</attwidth><atprecis Sync="TRUE">0</atprecis><attscale Sync="TRUE">0</attscale><attrdef Sync="TRUE">Internal feature number.</attrdef><attrdefs Sync="TRUE">Esri</attrdefs><attrdomv><udom Sync="TRUE">Sequential unique whole numbers that are automatically generated.</udom></attrdomv></attr><attr><attrlabl Sync="TRUE">Shape</attrlabl><attalias Sync="TRUE">Shape</attalias><attrtype Sync="TRUE">Geometry</attrtype><attwidth Sync="TRUE">0</attwidth><atprecis Sync="TRUE">0</atprecis><attscale Sync="TRUE">0</attscale><attrdef Sync="TRUE">Feature geometry.</attrdef><attrdefs Sync="TRUE">Esri</attrdefs><attrdomv><udom Sync="TRUE">Coordinates defining the features.</udom></attrdomv></attr><attr><attrlabl Sync="TRUE">Name</attrlabl><attalias Sync="TRUE">Name</attalias><attrtype Sync="TRUE">String</attrtype><attwidth Sync="TRUE">320</attwidth><atprecis Sync="TRUE">0</atprecis><attscale Sync="TRUE">0</attscale></attr><attr><attrlabl Sync="TRUE">Kode</attrlabl><attalias Sync="TRUE">Kode</attalias><attrtype Sync="TRUE">String</attrtype><attwidth Sync="TRUE">50</attwidth><atprecis Sync="TRUE">0</atprecis><attscale Sync="TRUE">0</attscale></attr><attr><attrlabl Sync="TRUE">TMA</attrlabl><attalias Sync="TRUE">TMA</attalias><attrtype Sync="TRUE">SmallInteger</attrtype><attwidth Sync="TRUE">2</attwidth><atprecis Sync="TRUE">0</atprecis><attscale Sync="TRUE">0</attscale></attr><attr><attrlabl Sync="TRUE">Keterangan</attrlabl><attalias Sync="TRUE">Keterangan</attalias><attrtype Sync="TRUE">String</attrtype><attwidth Sync="TRUE">50</attwidth><atprecis Sync="TRUE">0</atprecis><attscale Sync="TRUE">0</attscale></attr></detailed></eainfo><mdDateSt Sync="TRUE">20250310</mdDateSt></metadata>
